country_name,iso_code,year,v2psbars_osp,v2exrescon_osp,v2exbribe_osp,v2lgotovst_osp,v2dlcountr_osp,v2juhcind_osp,v2jucorrdc_osp,v2jucomp_osp,v2clrspct_osp,v2clacjstw_osp,v2pepwrgen_osp,v2stcritrecadm_osp,v2cseeorgs_osp,v2csantimv_osp,v2csrlgcon_osp,v2mecenefi_osp,v2mebias_osp,v2mecorrpt_osp,v2pepwrort_osp,v2pepwrses_osp,v2pehealth_osp,v2cacamps_osp,v2caviol_osp,v2caautmob_osp,v2capolit_osp,v2cacritic_osp,v2smgovcapsec_osp,v2smpardom_osp,v2smfordom_osp,v2smpolsoc_osp,GDPPC
Mexico,MEX,2024,3.541,1.726,1.448,1.015,1.344,2.261,2.499,1.162,1.733,1.634,2.662,1.403,2.624,0.293,0.598,2.95,3.059,2.788,1.083,2.319,0.905,3.788,3.32,0.615,1.403,2.829,2.18,0.816,2.981,0.332,22039.6287019016
Suriname,SUR,2024,3.873,3.141,2.697,2.359,2.435,2.675,3.372,3.152,2.559,3.192,2.574,1.717,3.735,0.704,1.584,2.829,3.781,2.774,1.66,2.113,2.416,2.049,1.436,0.096,2.103,1.346,1.565,2.447,3.03,1.187,19179.1018321639
Sweden,SWE,2024,3.96,3.202,3.948,3.688,3.246,3.753,3.639,3.658,3.738,3.749,3.358,2.9,3.319,0.94,1.339,2.976,3.69,3.93,2.328,2.862,3.508,1.715,0.62,0.018,2.002,3.418,3.132,3.192,2.786,1.751,62978.9390459835
Switzerland,CHE,2024,3.947,3.677,3.846,3.25,3.755,3.42,3.526,3.685,3.919,3.88,3.015,2.594,3.685,0.113,0.986,2.977,3.842,3.9,2.482,2.718,3.826,1.023,0.137,0.043,2.618,2.698,3.051,2.994,3.896,0.604,82286.1801896488
Ghana,GHA,2024,3.914,2.352,1.032,3.075,2.487,3.001,1.239,3.096,1.145,2.75,1.977,1.634,3.617,1.233,1.555,2.902,3.429,3.053,1.932,2.196,2.012,1.861,1.857,0.041,2.529,3.632,1.639,2.093,3.46,0.446,7055.62496009323
South Africa,ZAF,2024,3.943,2.533,1.308,3.467,3.654,3.265,2.61,3.442,2.826,2.726,2.349,2.151,3.751,1.409,0.999,2.879,2.789,3.393,1.944,2.694,2.049,2.193,1.442,0.048,3.365,3.624,2.149,2.973,2.608,0.81,13597.6538495998
Japan,JPN,2024,3.927,3.156,3.194,3.099,4.199,2.619,3.673,3.313,3.122,3.548,1.883,2.791,3.855,0.088,0.816,2.962,3.055,3.607,1.461,2.788,3.875,0.861,0.65,0.046,1.666,2.931,2.826,2.898,2.316,3.048,46106.9229230044
Russia,RUS,2024,2.214,1.349,0.581,0.231,0.151,0.156,1.865,0.82,1.167,1.575,1.196,1.928,0.122,0.211,1.483,0.559,0.661,0.097,0.063,0.666,2.199,3.296,2.673,2.601,0.726,1.245,3.214,0.397,2.591,2.766,41704.7109375
Albania,ALB,2024,3.89,2.61,1.358,2.613,1.279,2.549,2.413,2.736,2.589,3.079,2.24,1.06,3.093,0.813,0.5,2.68,3.178,1.746,1.647,1.267,2.825,1.761,1.735,0.234,1.807,2.118,1.038,2.17,3.083,1.321,21641.0733223921
Egypt,EGY,2024,1.912,2.437,1.445,0.913,1.133,2.619,1.529,1.567,0.988,2.252,1.096,1.178,0.492,0.465,0.362,1.47,1.889,0.613,0.099,1.573,1.007,2.216,0.266,0.327,0.727,0.387,3.083,1.187,2.447,0.652,16798.151577864
Colombia,COL,2024,3.892,2.164,2.268,3.064,2.46,3.372,2.759,3.1,2.429,2.205,2.058,2.08,3.335,2.41,1.821,2.866,3.235,3.015,1.427,2.187,1.303,3.663,3.333,1.144,1.647,2.947,0.971,0.96,1.741,0.083,18477.2146664536
Poland,POL,2024,3.821,2.769,3.365,3.36,2.348,2.852,3.396,3.145,3.123,2.92,2.495,2.122,3.052,1.648,1.599,2.938,2.958,3.37,1.881,3.302,2.91,3.977,0.72,0.683,1.627,2.819,3.366,2.607,1.937,0.213,45153.0439773281
Brazil,BRA,2024,3.778,2.51,1.542,3.268,2.864,3.364,2.827,3.756,2.991,2.578,2.318,2.581,3.635,1.452,1.307,2.943,3.426,3.565,2.051,2.44,2.59,3.57,3.36,1.051,3.738,3.306,2.999,2.15,1.861,0.805,19652.3654991704
United States of America,USA,2024,3.974,2.328,3.901,2.864,3.075,3.149,3.74,3.192,3.172,3.485,2.354,2.783,3.928,1.381,1.247,2.929,3.125,3.565,1.854,2.217,1.766,3.683,2.026,1.348,2.555,3.039,3.636,2.535,0.981,0.299,75489.2664334817
Portugal,PRT,2024,3.864,2.998,3.29,3.07,3.307,3.418,2.745,3.403,3.025,2.993,2.707,2.155,3.726,1.299,1.602,2.981,2.879,3.31,1.816,2.593,3.081,2.067,0.664,0.9,1.333,3.547,3.09,3.769,3.889,2.301,42197.2025135828
El Salvador,SLV,2024,3.353,0.41,1.38,0.226,1.018,0.143,1.789,0.595,0.974,0.802,0.832,0.645,2.308,0.774,0.641,2.707,2.01,2.295,0.367,1.34,0.701,3.476,2.343,0.68,2.194,1.433,0.792,1.222,3.232,0.927,11669.0817135644
Bolivia,BOL,2024,3.563,1.868,1.116,1.452,1.309,0.532,1.154,1.801,2.195,2.03,2.031,1.97,2.457,2.665,0.359,2.905,3.018,3.232,1.043,3.003,1.608,3.79,2.316,2.439,1.959,1.841,1.581,1.073,2.153,0.069,11329.1518061536
Haiti,HTI,2024,3.709,0.947,1.08,0.765,1.23,2.589,1.453,0.997,0.995,1.383,0.839,1.416,3.578,2.358,0.609,2.819,3.335,1.188,0.36,1.135,0.406,3.055,3.592,0.814,1.475,2.712,0.201,2.414,3.411,0.237,2809.64535578242
Honduras,HND,2024,3.712,2.331,1.434,1.566,2.3,2.425,1.724,3.089,2.556,1.935,1.99,1.464,3.675,0.876,1.162,2.936,3.413,2.932,0.715,1.798,0.461,2.643,0.95,1.128,2.1,3.239,1.76,2.064,3.104,0.229,6585.85535717861
Mali,MLI,2024,2.429,0.489,1.533,0.307,2.3,1.964,1.894,2.657,1.466,1.991,1.742,1.931,2.139,2.637,1.879,2.183,3.284,2.716,1.552,2.615,0.519,3.031,2.971,0.777,1.477,1.38,0.961,3.037,1.876,0.541,2916.18529537154
Pakistan,PAK,2024,3.03,2.379,1.889,1.968,2.589,1.927,1.01,2.983,0.968,1.076,1.687,1.807,2.694,1.855,1.738,1.359,2.333,1.881,0.158,1.011,0.475,3.115,3.416,0.022,1.919,2.53,2.605,1.388,0.964,0.81,5500.32394824285
Peru,PER,2024,3.758,2.035,1.89,2.942,2.171,2.2,1.631,2.932,2.192,2.058,2.434,1.887,2.958,1.247,0.913,2.828,2.942,3.179,0.983,2.263,1.27,3.87,1.646,1.422,2.151,3.23,1.4,1.95,3.082,1.136,15661.7497711956
Senegal,SEN,2024,3.612,2.592,2.759,2.461,3.046,1.851,2.423,2.805,2.433,2.364,2.31,2.164,3.073,2.296,1.454,2.033,3.298,3.379,0.262,2.645,2.081,2.175,1.191,0.992,2.202,2.791,2.488,1.964,2.805,0.759,4460.92372176318
Vietnam,VNM,2024,0.212,2.574,2.471,2.639,1.563,0.574,1.386,1.257,1.792,1.811,2.287,1.913,0.447,0.835,1.378,1.383,0.23,2.656,1.816,2.621,2.815,2.72,0.536,0.782,0.262,0.957,2.527,2.758,2.926,2.229,14415.2159532813
Argentina,ARG,2024,3.959,2.448,2.355,2.681,1.683,2.204,2.263,2.533,2.675,2.796,2.183,2.22,3.153,0.629,0.921,2.91,2.765,2.98,1.907,2.483,2.924,3.668,1.295,0.494,2.704,3.456,2.622,2.439,3.282,0.09,26771.9657650571
Ethiopia,ETH,2024,2.426,1.371,2.448,0.515,2.11,0.764,1.266,1.457,1.119,2.226,2.136,1.198,1.807,1.877,0.898,1.347,1.897,2.591,0.059,2.353,0.787,3.056,3.563,2.129,1.663,0.952,3.483,0.46,1.259,0.639,2892.22220168264
India,IND,2024,3.368,2.611,1.235,1.624,2.279,2.496,2.236,2.613,0.899,2.015,1.658,2.27,1.206,2.063,1.711,1.918,2.255,2.247,0.461,1.552,1.08,3.741,2.845,0.374,1.41,2.279,3.037,0.461,2.871,0.656,9818.04270686639
Kenya,KEN,2024,3.669,2.532,1.877,3.025,2.892,3.324,2.799,2.403,2.336,2.262,1.965,1.953,3.077,2.028,1.774,2.737,3.902,3.47,0.275,2.06,1.803,2.645,2.567,0.825,1.522,3.228,1.846,1.504,3.146,1.106,5845.20117717825
South Korea,KOR,2024,3.673,1.97,3.311,3.28,2.427,2.703,3.199,3.134,3.011,3.293,2.152,3.064,2.859,1.036,0.804,2.386,3.04,2.951,0.707,2.116,3.864,3.424,1.144,2.173,1.761,3.258,3.482,2.472,3.019,0.15,55070.9386194121
Kosovo,XKX,2024,3.779,2.596,2.166,2.246,2.113,2.687,2.817,2.495,2.325,2.52,1.364,2.025,3.272,0.968,1.199,2.89,2.665,3.217,1.253,1.306,2.445,3.287,2.62,0.905,1.411,2.097,0.901,2.364,0.601,1.634,15716.2925564586
Nigeria,NGA,2024,3.662,2.367,0.571,1.786,2.373,1.86,1.072,1.504,1.308,2.589,1.795,2.14,3.306,1.826,1.379,2.583,3.598,2.846,0.362,1.197,1.204,1.779,2.767,1.123,1.618,3.485,1.939,1.434,1.627,0.563,7994.21563861459
Philippines,PHL,2024,3.441,2.322,0.943,1.607,1.992,2.147,1.067,2.797,1.248,2.679,2.225,2.176,3.296,2.554,1.399,2.374,3.501,2.397,1.256,0.91,0.92,2.74,1.448,0.502,1.64,3.416,1.726,1.085,2.726,0.374,10375.9404179938
Tanzania,TZA,2024,3.404,2.687,2.716,3.128,2.437,2.769,2.001,2.939,2.99,2.653,2.651,2.047,2.991,0.623,1.344,2.461,3.024,2.355,0.329,2.411,2.292,1.613,1.201,1.674,1.011,2.134,2.408,2.135,3.7,2.485,3713.26293945313
Thailand,THA,2024,2.805,1.987,0.891,2.884,2.05,2.387,2.142,2.737,1.725,2.001,2.876,2.593,2.689,2.568,0.94,1.956,3.123,2.739,1.757,1.623,2.434,3.097,1.41,0.216,1.844,2.919,2.01,1.601,2.806,0.072,21740.5403219261
Uganda,UGA,2024,2.757,1.889,1.184,2.18,2.101,1.091,1.218,1.667,2.016,1.972,2.07,2.208,1.327,0.757,1.151,1.675,2.344,2.902,0.047,1.522,1.31,2.302,1.609,1.777,1.097,2.099,1.95,1.214,3.304,1.064,2879.67009290376
Benin,BEN,2024,2.84,1.439,3.183,1.048,1.732,1.351,2.818,2.781,3.154,2.904,2.336,2.326,3.053,1.771,1.319,2.948,3.041,1.919,1.683,2.263,1.998,2.164,0.197,0.261,1.12,1.758,2.162,2.658,2.891,2.144,3901.32588494392
Burkina Faso,BFA,2024,3.03,2.204,3.332,1.681,0.3,2.343,1.077,0.982,2.062,2.172,0.698,2.248,1.18,2.529,1.711,2.144,2.725,2.561,0.246,2.923,0.946,3.479,2.847,2.673,2.384,1.603,1.589,2.547,1.049,0.383,2547.67232852209
Cambodia,KHM,2024,2.047,1.065,0.226,0.102,0.823,0.287,1.134,1.058,0.639,1.167,1.495,1.19,0.904,0.964,0.428,1.831,1.342,1.6,1.312,1.071,1.073,3.117,1.309,1.799,1.115,1.153,1.168,0.872,3.129,2.003,7008.88934551726
Indonesia,IDN,2024,3.665,2.508,1.294,1.951,2.88,2.46,2.004,2.561,1.382,2.325,1.86,1.833,3.024,0.883,1.773,2.444,3.263,2.024,0.364,1.439,2.149,2.983,1.475,0.32,1.863,2.794,3.06,2.198,2.772,0.933,14470.4372020578
Mozambique,MOZ,2024,3.208,1.904,0.746,1.308,1.901,1.32,1.968,2.788,1.255,1.629,2.133,1.273,2.166,2.287,0.533,1.29,2.631,2.272,0.291,2.614,0.721,3.466,3.698,0.646,1.088,1.975,1.635,0.911,3.32,0.545,1500.31427446351
Nepal,NPL,2024,3.817,2.472,1.57,3.064,2.274,2.866,1.492,2.645,2.449,2.721,2.009,2.205,2.922,0.873,0.439,2.608,3.103,3.006,1.507,2.965,1.321,3.083,1.398,0.844,2.498,2.916,1.533,2.438,3.067,0.376,5046.81592972946
Nicaragua,NIC,2024,0.811,0.196,0.306,0.049,0.117,0.044,0.894,0.066,0.058,0.168,1.843,0.573,0.076,0.4,0.043,0.364,0.118,0.27,0.818,0.329,1.568,3.962,2.603,2.356,0.936,0.161,1.438,0.124,2.215,0.143,7661.60202722818
Niger,NER,2024,2.721,1.87,2.338,1.919,3.107,2.681,1.9,2.419,2.296,3.058,2.349,1.667,3.593,2.562,1.715,2.51,3.084,2.33,0.531,2.584,0.916,1.91,1.519,1.827,1.305,2.286,1.219,2.8,2.209,2.577,1803.4369300532
Zambia,ZMB,2024,3.777,3.344,2.845,2.664,2.269,2.356,2.789,2.344,2.37,2.11,1.953,2.258,3.459,0.559,1.893,2.508,3.194,2.689,0.073,2.543,1.663,1.859,1.991,0.035,2.035,2.699,2.295,0.355,2.81,0.718,3708.06904295647
Zimbabwe,ZWE,2024,3.201,1.153,1.277,2.355,1.745,1.027,1.624,1.482,1.136,2.547,0.862,1.978,0.898,1.873,0.337,2.342,2.491,1.732,0.064,1.299,0.437,3.366,1.842,2.256,1.393,1.199,2.085,0.235,2.922,0.129,5215.25301075742
Guinea,GIN,2024,1.56,0.592,0.646,0.401,1.525,0.978,0.978,1.146,0.667,1.448,1.515,0.962,1.125,3.866,1.077,1.227,3.33,0.904,0.159,1.829,0.349,3.588,3.279,0.202,1.087,2.373,1.496,1.801,2.811,0.732,4016.34191386072
Ivory Coast,CIV,2024,3.316,1.342,1.123,0.879,2.282,1.386,1.771,2.317,2.402,2.075,1.777,1.322,2.951,0.705,1.483,2.5,2.908,2.766,1.685,1.732,0.927,3.057,1.12,1.15,1.237,1.779,2.04,1.675,2.445,0.619,6747.03796777388
Mauritania,MRT,2024,2.14,2.864,1.152,1.032,2.326,0.272,0.679,0.949,1.265,0.793,1.522,1.208,2.286,0.749,0.847,2.231,3.294,1.838,0.162,1.048,0.988,1.111,1.332,2.221,0.904,0.92,2.33,1.999,2.328,0.703,6482.69016724334
Canada,CAN,2024,3.635,2.737,3.505,2.846,2.328,3.27,3.815,2.967,3.27,2.989,2.907,2.755,3.413,1.382,1.09,2.967,3.547,3.878,2.469,2.621,2.746,1.945,1.592,0.281,1.998,3.86,3.539,2.571,2.786,2.086,56706.8238031978
Australia,AUS,2024,3.849,3.672,3.436,3.306,3.2,3.862,3.531,3.653,3.871,3.448,2.836,2.986,3.452,0.156,1.305,2.743,3.678,3.394,2.422,2.427,3.287,1.301,0.722,0.087,2.998,3.466,2.495,2.484,3.302,1.911,60303.9817116245
Botswana,BWA,2024,3.87,2.843,2.569,2.433,2.766,2.763,3.079,2.845,2.76,2.745,1.336,2.172,3.496,0.467,1.677,2.955,3.157,2.359,1.632,2.2,2.94,0.807,0.297,0.034,2.633,2.821,1.952,2.424,3.671,2.542,18068.5050714283
Burundi,BDI,2024,2.987,1.275,1.606,0.068,1.513,0.27,0.864,0.845,1.565,1.107,1.629,0.664,0.152,0.48,0.439,2.192,2.133,0.63,0.062,2.326,0.237,3.154,0.718,0.144,1.776,1.231,1.01,0.691,3.708,1.343,1051.25931339275
Cape Verde,CPV,2024,3.796,2.892,3.013,2.61,1.895,2.807,2.901,3.264,2.447,2.637,1.628,1.557,3.342,0.334,0.656,2.977,3.328,3.858,1.405,2.37,2.072,1.775,0.169,0.02,1.123,2.2,1.577,2.603,3.472,1.66,9848.95276350935
Central African Republic,CAF,2024,2.579,0.407,1.002,0.592,1.581,0.66,1.625,1.16,0.456,1.486,2.193,0.91,2.06,2.568,1.84,2.225,2.466,1.75,2.58,2.242,0.288,3.317,3.369,2.221,1.227,1.246,1.192,1.011,1.029,0.894,1111.21941638883
Chile,CHL,2024,3.583,3.258,3.4,3.76,3.616,2.964,3.189,3.376,2.975,3.113,2.623,2.922,3.169,1.224,1.13,2.911,3.339,3.483,1.964,2.505,2.628,1.812,1.015,0.066,1.647,3.183,3.294,2.3,3.712,0.838,30182.7871224714
Costa Rica,CRI,2024,3.964,2.895,2.709,3.533,3.342,3.37,3.102,3.763,3.659,3.574,3.284,2.572,3.793,0.628,1.548,2.977,3.711,3.526,2.172,2.158,3.477,2.067,0.18,0.139,2.368,3.288,1.931,3.628,3.425,1.503,26973.4361580719
Timor-Leste,TLS,2024,3.752,2.76,2.503,2.074,2.673,2.034,2.909,2.736,2.515,2.11,1.672,1.772,3.52,1.392,1.961,2.356,3.641,2.869,1.211,2.332,1.315,1.536,1.487,0.048,1.6,2.232,0.856,2.236,3.674,1.34,3890.95763434187
Ecuador,ECU,2024,3.58,1.983,1.686,2.447,1.922,2.612,1.94,1.846,1.924,2.103,1.51,0.929,2.548,1.399,1.41,2.437,3.122,2.786,0.825,1.918,1.257,2.876,2.672,0.185,1.928,2.28,2.153,1.444,2.384,0.469,13935.5391125402
France,FRA,2024,3.914,3.123,3.361,3.063,3.125,3.219,3.412,3.648,3.595,3.42,3.142,2.909,2.906,2.174,1.082,2.789,3.557,3.914,2.854,2.834,3.196,3.417,2.167,0.183,2.908,3.136,3.331,2.872,2.533,0.285,54799.3482689389
Germany,DEU,2024,3.845,3.089,3.369,3.706,3.136,3.525,3.652,3.216,3.965,3.899,2.944,3.243,2.683,1.346,1.461,2.767,3.427,3.927,2.464,2.91,3.801,2.47,1.522,1.196,1.742,3.359,3.32,2.958,2.703,1.113,62554.5547232436
Guatemala,GTM,2024,3.586,3.335,2.488,2.946,2.05,3.397,1.282,3.531,2.017,1.5,2.182,1.71,3.158,1.932,1.597,2.942,3.328,2.808,0.912,1.973,0.92,2.691,2.14,0.359,1.182,2.875,1.201,1.255,3.678,1.513,12640.8875023146
Iran,IRN,2024,1.361,1.209,1.339,2.386,1.794,0.503,1.471,0.95,1.603,1.442,0.627,1.923,0.541,0.787,1.808,0.965,1.48,0.68,0.252,2.271,2.221,3.167,1.867,1.822,2.117,0.625,2.685,0.87,0.639,0.356,17484.1320140467
Iraq,IRQ,2024,2.914,1.744,0.433,1.925,1.494,1.443,1.393,1.431,1.25,1.376,1.16,1.218,2.749,2.162,1.882,2.102,1.951,1.946,0.243,1.593,1.587,3.486,3.539,1.512,1.854,1.911,1.602,1.474,1.478,0.409,12725.0431260393
Ireland,IRL,2024,3.835,3.57,3.731,2.922,2.868,3.576,3.344,3.443,3.587,3.741,2.409,2.944,3.606,0.708,1.274,2.968,3.812,3.748,2.592,2.818,2.939,0.41,0.92,0.252,2.283,3.468,1.912,3.399,3.012,1.849,119037.731175443
Italy,ITA,2024,3.951,3.001,2.861,3.396,2.322,2.597,2.92,2.8,2.893,3.746,2.777,2.394,3.239,0.612,0.867,2.969,2.881,3.656,2.238,3.02,3.171,2.935,0.758,0.189,1.765,2.863,2.515,2.321,2.992,0.68,53265.0032474189
Jordan,JOR,2024,3.409,2.295,2.427,2.817,3.487,2.099,2.636,3.351,2.489,2.726,0.758,2.104,1.744,1.204,1.465,2.026,3.079,1.75,0.258,2.088,2.797,1.434,1.224,1.082,1.635,0.933,2.634,2.957,3.029,2.392,9520.25064497454
Latvia,LVA,2024,3.798,3.396,3.783,3.285,2.735,3.868,3.162,3.183,3.91,3.806,2.885,2.998,3.525,0.715,0.928,2.948,3.596,3.7,2.407,2.857,2.978,1.151,0.158,0.079,1.506,3.46,3.371,2.599,0.25,1.846,37611.6699359404
Lesotho,LSO,2024,3.829,2.689,2.741,2.961,2.372,3.319,2.288,2.75,1.987,2.653,2.589,1.68,3.811,0.646,1.471,2.924,3.154,2.938,1.351,2.519,2.53,1.841,1.408,0.946,1.931,2.513,1.546,2.231,3.324,1.076,2640.28544552536
Liberia,LBR,2024,3.877,1.728,0.682,1.974,3.872,2.892,1.056,1.926,1.911,2.639,2.51,1.587,2.906,1.517,1.309,2.575,3.577,2.532,0.517,2.61,0.874,3.561,1.378,1.055,1.594,1.434,0.386,2.974,3.52,2.004,1646.05861366601
Malawi,MWI,2024,3.896,2.595,1.829,3.315,2.723,2.924,1.865,3.169,2.743,2.31,1.819,1.848,2.096,1.377,1.954,2.745,2.958,3.164,0.067,2.047,0.766,2.42,1.492,0.473,1.319,2.887,1.401,2.0,3.798,2.209,1634.24660266597
Maldives,MDV,2024,3.524,2.675,2.007,2.171,2.321,2.92,2.192,3.005,1.907,1.974,1.518,2.673,2.249,2.27,1.047,2.089,3.107,3.187,0.178,1.457,1.831,2.937,0.639,0.252,1.32,2.071,1.755,1.836,2.981,1.215,23034.4098404839
Mongolia,MNG,2024,3.07,2.496,1.532,2.571,2.708,2.281,2.342,2.504,2.642,2.496,1.972,0.989,2.9,0.842,0.87,2.374,2.76,2.162,1.299,1.671,2.096,2.174,0.872,0.174,1.411,2.637,1.996,2.0,1.838,2.638,16842.6505873797
Morocco,MAR,2024,3.359,1.924,1.423,2.388,3.371,3.586,2.057,2.292,1.674,3.002,1.521,2.208,1.689,1.79,0.941,2.624,2.618,2.403,0.088,1.378,1.935,1.591,1.131,2.456,1.455,2.578,3.017,2.868,2.974,2.373,9162.7470703125
Netherlands,NLD,2024,3.872,2.834,3.6,3.221,3.371,3.279,3.869,3.431,3.265,3.436,3.193,2.982,3.099,1.269,0.946,2.969,3.679,3.823,2.823,3.204,3.576,2.22,1.281,0.279,1.895,3.793,2.773,2.712,2.802,1.2,70498.8840396071
Panama,PAN,2024,3.904,2.431,1.912,2.848,2.385,2.559,2.413,2.727,2.813,2.939,1.868,1.973,3.111,0.793,1.296,2.883,2.801,3.31,1.26,1.145,2.247,1.325,0.98,0.188,1.993,3.686,2.124,1.332,2.793,1.324,36394.9175291147
Papua New Guinea,PNG,2024,3.822,2.639,0.542,3.143,1.903,3.282,3.302,3.138,2.063,2.283,0.963,2.127,3.697,0.767,1.239,2.94,3.373,2.815,0.423,2.018,0.696,1.382,1.477,0.176,0.98,2.215,1.009,3.162,3.421,3.035,4288.52828988176
Qatar,QAT,2024,0.053,0.98,2.252,0.306,1.796,1.133,3.068,2.908,2.548,2.387,1.777,0.853,0.659,0.022,0.476,1.756,0.162,0.216,0.056,0.301,3.306,0.727,0.389,0.296,0.374,0.135,3.292,3.118,1.273,3.789,110889.792701691
Sierra Leone,SLE,2024,3.686,1.536,1.338,2.478,3.362,1.738,1.975,2.78,3.121,2.856,1.909,1.367,3.428,1.739,1.547,2.511,2.904,2.384,0.629,2.526,1.573,2.845,2.086,0.742,1.389,3.222,1.247,1.626,3.244,1.493,3098.76290609663
Spain,ESP,2024,3.889,3.038,3.186,2.789,2.416,2.913,3.236,3.623,3.319,3.82,2.625,2.744,3.772,1.591,1.296,2.964,2.82,3.05,2.53,2.624,3.466,2.457,0.365,0.593,1.684,2.745,3.357,2.892,2.859,0.331,48460.2914069661
Tunisia,TUN,2024,3.104,2.244,3.139,2.141,3.306,1.801,1.627,1.494,1.814,2.928,1.736,1.853,1.074,2.659,0.208,2.747,3.244,3.104,0.23,3.17,2.102,3.087,1.637,1.805,1.374,2.15,3.134,1.882,1.752,0.623,12774.9158568021
Türkiye,TUR,2024,2.927,0.681,1.21,0.136,1.11,1.883,1.56,0.724,0.81,1.829,1.229,1.145,1.222,1.893,1.647,1.67,1.564,1.035,0.337,1.974,2.686,3.978,2.519,2.622,1.294,1.591,2.576,1.648,2.568,0.613,36154.490436557
Ukraine,UKR,2024,3.143,2.398,1.671,2.578,2.525,1.409,1.652,1.243,2.118,2.45,2.595,0.939,2.439,0.547,1.095,2.012,1.992,1.625,2.371,0.866,2.608,3.62,2.37,0.283,1.182,0.244,2.76,2.173,1.014,1.854,16319.8447265625
United Kingdom,GBR,2024,3.949,3.27,3.607,2.951,3.233,3.443,3.265,3.549,3.004,2.98,2.59,3.074,3.239,0.88,1.455,2.608,3.569,3.728,2.533,2.507,3.232,2.049,0.649,0.253,2.01,2.753,2.846,3.038,2.187,1.242,52621.1790252979
Uruguay,URY,2024,3.872,2.892,3.621,2.631,2.879,3.189,3.681,3.552,2.703,3.302,2.219,2.89,3.374,0.848,1.01,2.948,3.677,3.86,1.88,2.816,3.63,0.975,0.07,0.033,2.022,3.579,2.605,2.932,3.638,2.085,32038.7727288227
Algeria,DZA,2024,2.562,1.161,1.59,1.242,1.189,0.352,1.687,1.354,1.344,2.482,1.651,1.87,0.852,1.773,0.566,1.231,1.954,1.645,0.313,3.066,2.101,0.988,0.749,2.082,1.713,1.37,2.403,1.24,1.205,0.99,15501.9197003966
Angola,AGO,2024,2.778,1.966,2.021,0.816,1.651,0.928,2.17,1.305,2.117,2.354,2.122,1.625,2.192,1.65,0.193,2.582,2.551,1.007,0.602,1.075,0.798,1.558,1.278,0.163,1.045,1.778,1.816,2.282,3.02,1.593,8901.88736611562
Armenia,ARM,2024,3.899,2.219,2.036,1.978,2.058,1.253,2.679,1.479,2.394,3.144,1.96,1.063,3.86,1.23,0.124,2.946,2.849,2.2,0.633,2.652,2.641,3.788,1.058,2.679,1.472,3.281,2.522,1.335,0.574,0.407,20078.7848984844
Azerbaijan,AZE,2024,1.554,0.836,0.443,0.491,0.945,0.104,0.339,0.113,1.187,1.484,1.407,1.26,0.159,0.445,0.182,2.006,0.673,0.692,0.053,0.473,1.368,3.44,1.079,1.742,0.766,0.223,2.767,0.682,1.796,0.582,22072.1491157176
Belarus,BLR,2024,1.535,0.157,1.502,0.189,0.225,0.024,2.833,0.361,0.956,0.897,1.891,0.317,0.033,0.311,0.023,0.874,0.097,0.297,0.473,2.458,2.862,3.966,1.14,2.051,0.452,0.93,2.83,0.688,0.244,0.063,29040.9725790425
Cameroon,CMR,2024,2.381,0.894,0.203,0.481,1.645,0.294,1.082,1.641,0.73,2.241,2.182,0.878,0.942,2.718,0.512,1.742,2.805,1.593,0.489,1.485,0.923,3.765,2.97,2.118,1.47,1.321,1.169,2.349,3.265,0.095,4916.93354019494
Chad,TCD,2024,2.319,0.332,0.103,0.381,1.664,0.088,1.286,0.112,0.131,1.342,1.107,1.174,1.399,3.108,1.167,1.899,2.767,0.98,2.012,0.423,0.755,3.698,3.829,2.015,1.501,0.885,1.684,1.108,1.246,0.412,2412.865855392
China,CHN,2024,1.02,2.517,1.353,2.303,0.313,0.206,1.517,0.233,1.544,1.854,1.017,1.9,0.064,0.162,0.109,0.873,0.138,0.237,0.136,1.639,1.049,2.205,1.336,0.233,0.569,1.084,3.861,0.195,1.939,2.899,23845.6197217259
Democratic Republic of the Congo,COD,2024,3.149,0.866,0.552,0.528,2.509,1.482,1.253,1.683,1.12,1.007,1.931,1.041,1.698,2.022,1.198,1.788,2.954,1.877,0.703,1.141,1.055,1.799,2.711,2.826,2.107,2.148,1.516,1.838,1.932,0.552,1602.074979895
Republic of the Congo,COG,2024,2.794,0.979,0.741,1.665,1.391,1.17,0.779,1.512,1.73,1.494,0.767,1.479,0.548,2.83,0.611,1.099,2.223,1.537,0.495,1.687,1.369,2.082,1.319,1.548,0.987,1.516,1.385,1.185,2.392,1.755,6181.47071635967
Djibouti,DJI,2024,2.305,1.121,1.069,0.5,1.355,1.816,1.739,0.968,2.046,2.204,2.556,1.609,1.918,1.861,1.085,0.875,1.862,2.269,0.27,1.417,1.629,2.615,1.238,1.091,0.709,0.383,1.765,1.571,2.397,1.88,6871.12440453129
Dominican Republic,DOM,2024,3.841,2.381,2.292,2.46,3.33,2.75,2.621,2.588,2.295,2.047,1.91,2.081,3.245,0.306,1.93,2.953,3.572,2.373,0.676,1.853,1.309,1.513,1.344,0.44,1.266,3.224,2.108,2.11,2.874,1.169,24229.8894872915
Gabon,GAB,2024,3.311,1.257,1.156,0.283,2.051,1.845,2.196,1.644,3.122,2.89,2.307,1.444,2.773,2.69,0.985,2.767,3.381,2.162,2.685,2.322,2.197,1.996,0.389,0.072,2.746,2.331,2.287,1.972,2.272,0.577,18923.6616611651
The Gambia,GMB,2024,3.359,2.44,2.442,2.385,3.031,3.041,2.865,3.096,2.528,3.149,2.083,2.54,3.407,0.677,1.448,2.724,3.415,3.187,0.094,2.2,1.711,1.598,0.616,0.136,2.025,2.709,1.493,2.49,3.427,3.022,3057.68417746891
Georgia,GEO,2024,3.328,1.997,2.098,2.399,2.722,0.762,3.094,2.712,2.032,2.396,2.037,1.332,2.688,2.09,1.426,2.893,2.661,3.175,0.899,2.406,3.233,3.597,2.065,1.432,1.351,3.779,2.241,1.31,0.676,0.283,24883.9081161639
Guinea-Bissau,GNB,2024,3.807,1.826,1.407,1.072,1.437,1.964,1.749,1.502,1.102,1.667,1.549,1.222,2.438,1.234,1.263,2.778,3.115,2.271,0.388,1.532,1.002,2.747,0.382,0.63,1.17,1.342,1.227,2.074,2.729,0.745,2744.27981043716
Jamaica,JAM,2024,3.677,2.814,1.624,3.201,3.052,3.268,3.175,3.187,3.453,3.143,3.021,2.459,3.732,0.119,0.945,2.969,3.217,3.264,1.459,2.834,2.667,1.776,1.228,0.125,1.291,3.501,1.95,3.176,3.653,2.218,11340.2638800451
Kazakhstan,KAZ,2024,2.37,1.619,0.89,1.193,1.361,0.424,1.386,1.38,1.507,1.668,1.836,1.852,1.225,1.015,0.33,1.292,1.409,1.094,0.201,1.498,2.796,2.059,1.201,1.303,1.164,0.937,2.781,1.024,1.891,2.062,35973.9633287017
Kyrgyzstan,KGZ,2024,2.831,1.524,1.135,1.325,1.418,1.32,1.401,2.289,2.359,2.348,1.698,1.767,1.212,0.868,0.406,1.901,2.338,2.279,0.147,2.035,2.153,1.959,0.206,0.324,0.683,0.27,1.445,2.367,1.98,1.394,7048.98952111264
Laos,LAO,2024,1.195,2.04,1.256,1.783,0.254,2.42,1.589,0.658,1.353,1.302,1.948,1.564,0.457,0.071,0.198,1.697,0.074,0.18,1.051,1.701,0.84,1.054,0.361,0.403,0.272,0.111,1.591,3.08,3.466,2.992,8600.32454665553
Libya,LBY,2024,3.117,1.089,0.714,1.76,2.892,2.11,1.277,1.181,0.375,0.819,1.218,0.347,2.733,2.446,0.859,2.634,2.854,2.771,0.086,1.689,0.554,3.86,3.9,2.715,1.995,1.292,0.69,1.182,2.34,0.367,12583.8338726816
Madagascar,MDG,2024,3.656,1.571,0.796,0.751,1.225,0.899,1.381,0.994,1.51,1.774,1.73,1.304,3.782,2.591,1.552,2.875,3.057,1.966,0.139,1.441,0.408,3.835,0.999,0.25,1.18,2.739,1.522,1.073,3.011,0.558,1657.04970622969
Moldova,MDA,2024,3.912,3.047,3.219,3.097,3.065,3.167,1.883,2.719,2.493,2.853,3.363,1.23,2.87,1.193,0.657,2.221,1.638,1.612,2.018,3.192,2.566,3.188,1.787,0.763,1.588,2.107,2.616,2.152,2.216,0.104,16376.6113704265
Namibia,NAM,2024,3.874,3.112,2.429,2.723,2.357,2.91,2.873,2.975,3.691,2.918,2.04,2.271,3.617,0.794,1.322,2.942,3.395,3.325,0.377,2.22,0.907,1.996,0.435,0.081,1.907,2.004,1.699,2.581,3.02,1.688,10281.3356402988
Rwanda,RWA,2024,2.272,0.875,1.786,1.837,2.474,0.661,2.856,1.342,1.947,2.209,2.441,1.75,0.753,0.233,0.927,1.791,0.644,2.148,0.695,1.292,2.024,0.961,2.245,2.363,0.336,0.588,2.449,2.928,2.717,3.523,3264.64451474392
Somalia,SOM,2024,3.278,0.997,1.067,1.549,3.49,0.756,0.801,1.383,1.605,2.103,0.392,0.934,2.167,1.35,1.84,2.582,2.876,1.026,0.064,2.088,0.381,3.023,3.768,1.464,0.837,1.93,1.404,1.775,1.928,0.592,1409.33492233283
Sri Lanka,LKA,2024,3.869,2.637,1.888,2.098,2.858,3.26,2.93,2.871,2.578,2.371,1.774,2.967,2.006,1.888,1.055,2.22,3.135,3.468,0.929,2.515,2.91,1.71,0.807,0.09,1.541,3.649,2.032,2.034,3.163,1.371,13752.836740386
Eswatini,SWZ,2024,0.129,0.481,1.611,1.32,2.001,1.525,3.145,2.449,1.108,1.732,0.99,1.632,0.315,2.136,0.378,0.764,0.376,0.857,0.27,1.956,1.011,3.539,1.274,0.326,1.276,1.467,1.887,1.533,3.215,0.832,10380.3966630516
Tajikistan,TJK,2024,1.368,1.143,0.372,0.233,0.259,0.347,1.111,0.565,0.491,0.665,0.581,1.132,0.376,0.357,0.018,0.955,0.494,0.406,0.134,0.438,1.114,1.068,1.526,2.3,0.543,0.19,1.724,0.422,1.138,2.566,4755.93296704719
Togo,TGO,2024,3.322,1.386,0.44,0.801,3.344,1.068,1.097,1.27,2.701,1.154,2.627,1.703,2.545,3.224,0.956,1.943,3.217,1.174,0.157,1.081,1.446,2.787,1.246,0.85,1.699,1.879,2.325,2.481,2.668,0.871,2960.77542569109
Trinidad and Tobago,TTO,2024,3.94,3.104,3.574,3.075,3.02,3.31,3.089,2.801,2.514,3.011,2.561,2.134,3.486,0.664,1.725,2.97,2.877,3.57,2.122,2.91,3.651,0.604,0.489,0.04,1.847,2.293,1.204,2.622,3.642,1.784,31960.1568888983
Turkmenistan,TKM,2024,1.277,0.48,0.712,0.426,0.324,0.271,1.453,0.919,0.487,0.921,1.246,0.83,0.054,0.135,0.422,0.163,0.117,0.097,0.057,0.364,1.628,0.805,0.157,2.528,0.171,0.67,1.487,0.531,3.192,2.973,18662.298799056
Uzbekistan,UZB,2024,1.747,0.812,0.579,0.178,1.861,0.503,1.185,0.629,1.552,1.656,1.726,1.48,1.334,0.514,0.108,0.591,0.892,1.06,0.121,1.619,1.837,1.286,0.583,0.312,0.415,1.098,1.599,1.122,1.937,2.168,10450.2051402852
Austria,AUT,2024,3.952,3.009,2.62,3.092,2.942,3.642,3.518,3.108,3.194,3.049,2.341,2.377,3.434,1.088,1.578,2.967,3.677,2.874,2.072,2.399,3.537,2.101,0.989,0.447,1.972,3.286,2.035,2.243,2.062,1.353,63788.078678479
Bahrain,BHR,2024,1.178,1.709,1.691,0.915,1.149,0.427,3.141,0.996,1.304,1.519,1.187,1.326,0.649,1.165,0.512,2.108,1.197,0.973,0.083,0.576,3.451,3.378,2.478,2.259,1.676,1.371,2.379,2.07,1.114,0.205,58891.8304860737
Barbados,BRB,2024,3.821,3.228,2.946,2.633,2.931,3.443,3.176,3.089,2.855,3.072,2.99,2.499,3.439,0.43,1.479,2.944,3.185,3.578,1.929,2.244,3.694,0.837,0.179,0.049,1.698,2.864,1.798,3.127,3.074,2.604,21837.7254102057
Belgium,BEL,2024,3.957,3.024,3.731,3.374,2.735,3.098,3.404,2.711,3.736,3.906,3.005,2.613,3.115,1.067,1.229,2.965,3.73,3.945,2.53,3.083,3.82,1.717,1.173,0.063,1.602,2.815,2.191,2.615,3.147,2.275,63347.7858809235
Bosnia and Herzegovina,BIH,2024,3.694,2.429,1.265,2.069,2.52,2.665,1.592,2.36,1.919,2.408,1.978,2.33,3.44,0.872,1.638,2.958,2.766,2.331,1.2,2.373,2.591,3.274,1.524,1.025,1.471,2.124,1.609,1.187,1.292,0.485,20527.6935527158
Bulgaria,BGR,2024,3.868,2.707,2.195,2.748,1.979,2.544,2.048,3.183,2.011,2.864,2.324,2.662,3.106,1.512,0.521,2.961,2.995,2.484,1.681,2.384,2.972,2.725,1.162,0.761,1.185,3.15,1.897,1.884,2.507,0.385,34221.5294617032
Comoros,COM,2024,2.567,1.201,0.653,0.693,2.798,1.075,0.922,1.424,1.397,0.961,1.724,1.804,1.902,2.112,1.568,2.657,2.452,2.105,0.214,2.714,1.518,3.488,2.898,2.85,1.788,0.442,1.174,2.03,2.819,1.041,3482.53486037478
Croatia,HRV,2024,3.886,3.114,2.806,3.184,2.478,1.924,2.932,3.228,2.422,3.038,2.641,1.484,2.986,0.519,1.553,2.84,2.917,2.58,2.062,2.21,3.071,2.938,0.297,0.326,1.209,2.319,2.365,2.358,2.998,1.216,42829.1978370384
Cyprus,CYP,2024,3.932,2.706,2.705,2.843,2.331,2.598,3.24,3.189,3.282,3.693,2.633,2.435,3.372,0.458,1.955,2.965,3.355,3.846,1.806,3.234,3.849,2.743,0.645,0.039,1.9,2.861,2.383,2.95,2.846,1.062,52635.58203125
Czechia,CZE,2024,3.921,3.304,3.357,3.377,3.273,3.304,3.206,3.574,3.641,3.599,2.127,3.028,3.223,0.718,1.098,2.945,3.879,3.6,2.158,2.78,3.821,1.92,0.135,1.216,1.825,3.557,3.114,2.474,2.108,1.745,47963.8968485782
Denmark,DNK,2024,3.934,3.426,3.954,3.733,3.208,3.719,3.92,3.603,3.842,3.961,3.304,3.22,3.797,0.257,0.94,2.971,3.913,3.938,2.58,2.921,3.952,0.93,0.089,0.062,2.552,3.254,3.063,3.603,2.513,3.056,71431.2926242287
Equatorial Guinea,GNQ,2024,2.176,0.954,0.202,1.194,0.352,0.082,1.311,0.165,1.09,1.253,1.096,0.723,0.47,0.769,0.583,0.862,0.902,0.623,0.237,0.911,0.962,2.848,1.758,3.08,0.515,0.808,1.789,1.432,3.071,1.207,15454.428493564
Estonia,EST,2024,3.769,3.323,3.801,3.698,2.839,3.325,3.589,3.638,3.869,3.565,3.061,3.252,3.846,0.194,0.649,2.877,3.767,3.755,2.477,2.936,3.774,1.222,0.124,0.068,1.558,2.666,3.821,3.409,1.411,1.797,41189.6675300734
Fiji,FJI,2024,3.141,2.711,2.349,2.354,2.614,2.196,2.783,3.454,2.748,3.117,1.84,2.212,2.865,1.166,1.049,2.469,3.241,2.96,1.116,2.547,2.412,0.954,0.484,0.137,1.411,1.282,1.912,2.062,2.873,1.223,13592.4635937435
Finland,FIN,2024,3.652,3.074,3.603,3.5,2.732,3.623,3.647,3.801,3.686,3.472,3.154,2.683,2.769,0.714,1.6,2.748,3.48,3.774,2.211,2.997,2.73,1.265,0.675,0.22,2.161,2.974,2.575,2.767,3.019,2.058,56123.1479579839
Greece,GRC,2024,3.71,2.79,2.635,2.236,3.131,2.588,2.654,2.945,2.84,3.265,2.649,2.414,3.461,1.312,1.449,2.927,2.848,3.294,2.336,3.217,3.59,1.134,1.936,0.404,2.085,3.549,2.831,2.329,3.107,0.897,37474.2798239947
Guyana,GUY,2024,3.825,1.852,1.257,0.849,1.68,2.767,1.901,2.887,1.939,2.296,2.04,1.561,3.605,0.66,1.158,2.784,3.324,3.512,1.017,2.557,2.59,2.89,0.509,0.028,1.215,2.306,0.965,0.838,2.902,0.212,70516.7215064805
Hong Kong,HKG,2024,2.159,2.283,3.128,0.46,0.462,2.016,3.518,2.532,2.123,2.145,2.65,2.608,0.991,0.451,0.459,1.977,1.227,2.871,1.331,1.239,3.376,3.45,0.248,1.886,1.202,1.333,2.589,0.296,3.461,0.294,66153.9746651078
Iceland,ISL,2024,3.855,3.171,3.541,3.039,3.054,3.447,3.886,3.437,3.554,3.415,3.42,2.867,3.892,0.588,1.439,2.962,3.363,3.822,2.11,2.897,3.859,1.452,0.072,0.04,1.887,2.043,3.074,2.759,3.375,1.866,67310.0573573616
Israel,ISR,2024,3.585,3.382,2.857,3.134,2.529,3.05,3.395,3.036,3.087,2.965,2.708,3.11,2.217,1.42,1.874,2.792,3.454,3.059,1.899,2.271,3.383,2.323,0.912,0.432,2.706,2.963,3.914,1.104,0.769,0.401,47338.8424624205
Kuwait,KWT,2024,0.205,3.26,2.071,2.948,2.213,1.537,2.78,2.887,2.276,2.555,0.589,1.664,1.611,0.595,0.976,2.113,2.534,2.301,0.057,1.513,3.584,1.286,0.718,0.142,1.046,1.398,3.409,2.381,2.556,1.354,46137.4674254845
Lithuania,LTU,2024,3.858,3.536,3.161,3.712,2.293,3.201,2.757,3.442,2.911,3.519,2.735,2.64,3.006,1.091,1.137,2.963,3.731,3.881,2.337,2.992,3.494,1.26,0.248,0.043,1.582,3.289,3.445,3.23,2.931,2.191,47165.3665643051
Luxembourg,LUX,2024,3.63,3.084,3.879,2.685,4.334,3.277,3.167,3.029,3.819,3.859,2.67,3.082,3.803,0.08,0.783,2.946,3.805,3.845,2.4,3.063,3.814,0.896,0.063,0.036,2.637,3.442,2.596,2.745,2.723,2.945,128475.279802738
North Macedonia,MKD,2024,3.307,2.364,1.079,1.941,2.291,1.289,1.164,2.147,1.554,2.341,1.883,1.362,3.044,1.034,1.014,2.936,2.463,2.162,1.269,1.256,2.543,2.999,0.27,0.191,1.692,2.608,1.429,1.715,2.41,0.177,24203.2859505244
Malaysia,MYS,2024,3.804,2.716,2.317,1.574,2.205,2.489,2.885,3.078,1.658,2.582,1.829,2.522,2.324,1.904,1.877,2.193,2.458,2.957,0.303,2.335,3.438,3.856,1.34,0.756,2.012,1.743,3.181,2.738,3.557,1.715,34116.2317848885
Malta,MLT,2024,3.911,2.791,2.19,2.967,2.533,2.964,3.259,2.745,2.905,3.313,2.663,2.389,3.761,0.548,1.3,2.956,3.522,2.991,2.694,2.706,3.772,3.05,0.235,0.116,1.493,2.441,2.371,1.188,3.61,0.57,62700.4942180461
Mauritius,MUS,2024,3.578,2.992,1.679,2.649,2.783,2.188,2.696,2.551,2.076,2.528,1.804,1.887,3.228,2.087,1.676,1.877,2.779,2.907,0.576,2.114,3.098,2.429,1.402,0.826,2.447,2.243,2.664,2.131,3.47,1.923,28011.1579806299
Montenegro,MNE,2024,3.833,2.834,1.758,2.291,2.832,1.991,2.91,2.952,2.899,2.833,1.627,2.517,3.615,1.288,1.97,2.687,3.29,2.624,1.867,3.135,2.948,3.218,1.33,0.575,1.498,2.283,1.282,1.39,1.26,0.293,28105.7093264336
New Zealand,NZL,2024,3.893,3.429,3.724,3.365,2.532,3.823,3.936,3.402,3.676,3.562,2.86,2.764,3.508,1.316,0.314,2.964,3.671,3.776,2.364,2.263,3.566,1.597,0.134,0.323,1.748,3.57,2.32,2.693,3.153,0.865,49316.3999433708
Norway,NOR,2024,3.885,3.44,3.793,3.69,3.72,3.634,3.683,3.263,3.594,3.746,3.628,3.06,3.893,0.199,1.911,2.967,3.784,3.837,2.758,3.553,3.904,0.622,0.772,0.052,1.892,3.002,2.708,3.232,2.769,2.04,91105.246799623
Oman,OMN,2024,0.232,2.778,2.741,1.36,0.769,1.868,3.184,1.719,2.624,2.565,0.859,1.948,0.858,0.671,0.966,1.061,0.827,1.121,0.082,1.125,3.41,0.217,0.194,0.161,0.948,1.025,2.163,3.078,2.62,2.623,36721.0804634186
Paraguay,PRY,2024,3.552,2.187,1.315,1.482,1.841,2.197,1.42,2.673,2.0,2.147,1.803,1.097,2.974,0.944,1.114,2.862,3.06,1.881,0.612,1.857,0.715,1.664,1.483,0.222,1.26,2.615,1.215,1.557,3.615,2.319,16296.2836189263
Romania,ROU,2024,3.809,2.292,2.718,1.983,1.715,1.254,2.439,2.774,2.257,2.816,2.25,1.051,2.898,1.269,1.474,2.972,2.516,1.685,1.062,2.704,1.587,3.878,0.856,1.548,1.159,3.505,2.06,1.834,1.29,0.441,40504.0002945958
Sao Tome and Principe,STP,2024,3.806,2.62,2.049,2.611,1.892,2.711,2.749,2.656,3.232,2.717,2.317,1.386,2.754,0.675,1.103,2.868,2.822,2.318,1.012,1.952,2.081,0.47,1.01,0.047,1.424,1.639,1.519,2.679,3.501,2.269,5491.29829852275
Saudi Arabia,SAU,2024,0.038,2.817,2.521,0.374,0.678,0.781,2.645,1.489,1.336,1.412,0.802,1.504,0.362,0.796,0.619,1.477,0.436,0.585,0.041,0.758,3.372,0.894,0.579,0.04,0.201,0.502,3.211,3.208,2.102,2.736,62792.7741476371
Serbia,SRB,2024,3.229,2.126,1.005,1.867,1.858,1.356,1.077,1.376,2.547,3.094,2.341,2.119,2.732,2.223,1.604,2.781,1.723,1.219,1.674,2.249,2.961,3.241,2.626,1.726,1.576,3.739,2.193,0.36,1.342,0.146,26900.853091323
Seychelles,SYC,2024,3.699,3.298,3.404,3.096,4.731,3.44,3.562,3.673,3.451,3.882,1.894,2.617,3.048,1.037,1.744,2.786,2.818,2.335,0.172,2.273,3.546,2.667,0.091,0.064,1.81,2.648,2.466,2.435,3.826,2.692,29241.7758048825
Singapore,SGP,2024,3.069,3.127,3.357,2.065,2.503,2.451,3.629,3.543,3.817,3.227,1.87,3.303,1.329,0.285,1.377,2.217,2.789,3.131,0.948,2.442,3.908,1.267,0.2,0.186,2.18,1.106,3.691,2.774,2.982,2.654,132569.525225795
Slovakia,SVK,2024,3.9,2.047,2.268,2.188,1.598,3.02,2.745,3.277,2.292,3.187,2.159,1.803,2.417,1.094,1.554,2.889,2.731,3.365,1.366,2.273,3.192,3.173,0.847,1.107,1.5,2.949,1.819,1.864,2.339,0.044,40319.0547230873
Slovenia,SVN,2024,3.922,3.292,3.44,3.308,3.32,2.36,3.246,2.752,3.015,3.619,3.346,2.426,3.198,0.633,1.233,2.975,2.7,2.996,2.072,3.013,3.017,3.855,0.906,0.594,1.58,3.141,1.663,1.313,3.072,0.263,48648.9078834081
Solomon Islands,SLB,2024,3.741,2.39,1.422,1.865,2.295,2.919,2.612,3.143,2.427,3.041,1.522,2.208,3.46,0.74,0.899,2.793,3.514,2.772,0.278,2.309,0.758,1.516,0.471,0.047,1.389,3.078,0.805,3.352,3.566,2.572,2353.24808229243
United Arab Emirates,ARE,2024,0.138,3.112,3.382,0.824,0.634,0.764,3.313,0.591,2.595,2.109,0.702,2.783,0.923,0.116,0.696,0.996,0.066,0.639,0.068,1.113,3.505,1.067,0.069,0.088,1.213,0.764,3.297,2.102,1.445,3.378,69701.8047983545
Hungary,HUN,2024,3.617,2.474,1.203,1.665,1.585,0.857,2.887,2.945,2.151,2.978,1.838,2.034,1.97,1.308,1.247,2.953,1.83,1.82,0.761,2.025,2.369,3.873,0.352,2.599,1.405,1.989,2.899,0.458,1.855,0.025,40686.9319263343
